{"cameraMode":{"drawMode":0,"name":"Shaded","section":"Shading Mode"},"sceneLighting":true,"audioPlay":false,"sceneViewState":{"m_AlwaysRefresh":false,"showFog":true,"showSkybox":true,"showFlares":true,"showImageEffects":true,"showParticleSystems":true,"showVisualEffectGraphs":true,"m_FxEnabled":true},"in2DMode":false,"pivot":{"x":-0.17015065252780915,"y":1.8021245002746583,"z":0.7158188223838806},"rotation":{"x":-0.1748422086238861,"y":-0.027152739465236665,"z":0.004867190960794687,"w":-0.9842351675033569},"size":3.0462100505828859,"orthographic":false}