{"cameraMode":{"drawMode":0,"name":"Shaded","section":"Shading Mode"},"sceneLighting":true,"audioPlay":false,"sceneViewState":{"m_AlwaysRefresh":false,"showFog":true,"showSkybox":true,"showFlares":true,"showImageEffects":true,"showParticleSystems":true,"showVisualEffectGraphs":true,"m_FxEnabled":true},"in2DMode":false,"pivot":{"x":2.627462863922119,"y":1.117390513420105,"z":3.2223079204559328},"rotation":{"x":0.18075139820575715,"y":-0.33909016847610476,"z":0.0665212944149971,"w":0.9208550453186035},"size":0.9422377943992615,"orthographic":false}