{"cameraMode":{"drawMode":0,"name":"Shaded","section":"Shading Mode"},"sceneLighting":true,"audioPlay":false,"sceneViewState":{"m_AlwaysRefresh":false,"showFog":true,"showSkybox":true,"showFlares":true,"showImageEffects":true,"showParticleSystems":true,"showVisualEffectGraphs":true,"m_FxEnabled":true},"in2DMode":false,"pivot":{"x":0.4984229803085327,"y":1.672411322593689,"z":2.1646602153778078},"rotation":{"x":0.18501022458076478,"y":-0.13254401087760926,"z":0.02515491470694542,"w":0.9734598994255066},"size":3.472214460372925,"orthographic":false}